18-Sep,19-Sep,20-Sep,21-Sep,22-Sep
Site1,Site1,Site1,Site1,Site1
Site2,Site2,Site2,Site2a,Site2a
Site3,Site3,Site3,Site3a,Site3a
Site4,Site4,Site4,Site4,Site4
Site5,Site5,Site5,Site5,Site5
Site6,Site6,Site6,Site6a,Site6
Site7,Site7,Site7,Site7,Site7a
Site8,Site8,Site8,Site8a,Site8a
Site9,Site9,Site9,Site9,Site9
Site10,Site10,Site10,Site10a,Site10b
Site11,Site11,Site11,Site11,Site11
Site12,Site12,Site12,Site12b,Site12b
Site13,Site13a,Site13,Site13,Site13
Site14,Site14,Site14,Site14,Site14a
Site15,Site15,Site15,Site15,Site15a
Site16,Site16,Site16,Site16,Site16
Site17,Site17,Site17,Site17,Site17
Site18,Site18,Site18,Site18a,Site18a
Site19,Site19,Site19,Site19,Site19
Site20,Site20,Site20,Site20a,Site20a
Site21,Site21,Site21,Site21a,Site21a
Site22,Site22,Site22,Site22a,Site22a
Site23a,Site23a,Site23a,Site23b,Site23b
Site24,Site24,Site24,Site24a,Site24a
Site25,Site25,Site25,Site25a,Site25
Site26,Site26b,Site26b,Site26d,Site26d
Site27,Site27,Site27,Site27a,Site27a
Site28,Site28,Site28,Site28,Site28
Site29,Site29,Site29,Site29,Site29
Site30,Site30,Site30,Site30,Site30
Site31,Site31,Site31,Site31a,Site31a
Site32,Site32,Site32,Site32,Site32
Site33,Site33,Site33,Site33a,Site33a
Site34,Site34,Site34,Site34,Site34
Site35,Site35,Site35,Site35a,Site35a
Site36,Site36,Site36,Site36a,Site36a
Site38,Site38,Site38,Site38a,Site38b
Site39,Site39,Site39,Site39a,Site39
Site40,Site40,Site40a,Site40a,Site40